{
  "@context": "http://schema.org",
  "@type": "Movie",
  "url": "//trailerdefilmes.us-east-2.elasticbeanstalk.com/movie/bad-boys-for-life",
  "name": "Bad Boys for Life",
  "image": "https://m.media-amazon.com/images/M/MV5BZjI1ZWYyMTYtZGYyNS00ODdhLWFmNGMtODZiYzgxOGNmNjZjXkEyXkFqcGdeQXVyMTkxNjUyNQ@@._V1_UX182_CR0,0,182,268_AL_.jpg",
  "description": "Marcus Burnett is now a police inspector and Mike Lowery is in a midlife crisis. They unite again when an Albanian mercenary, whose brother they killed, promises them an important bonus.",
  "genre": "Action, Comedy, Crime, Thriller",
  "countryOfOrigin": "USA",
  "director": ["Adil El Arbi", "Bilall Fallah"],
  "actors": ["Will Smith", "Martin Lawrence", "Vanessa Hudgens", "Alexander Ludwig"],
  "potentialAction": {
    "@type": "WatchAction",
    "target": "//trailerdefilmes.us-east-2.elasticbeanstalk.com/trailer/bad-boys-for-life"
  },
  "copyrightYear": "2020",
  "dateCreated": "2019-11-08T02:00:00.000Z"
}