{
  "@context": "http://schema.org",
  "@type": "Movie",
  "url": "//trailerdefilmes.us-east-2.elasticbeanstalk.com/movie/jumanji-the-next-level",
  "name": "Jumanji the next level",
  "image": "https://m.media-amazon.com/images/M/MV5BOTVjMmFiMDUtOWQ4My00YzhmLWE3MzEtODM1NDFjMWEwZTRkXkEyXkFqcGdeQXVyMTkxNjUyNQ@@._V1_UX182_CR0,0,182,268_AL_.jpg",
  "description": "Anna, Elsa, Kristoff, Olaf and Sven leave Arendelle to travel to an ancient, autumn-bound forest of an enchanted land. They set out to find the origin of Elsa's powers in order to save their kingdom.",
  "genre": "Animation, Adventure, Comedy",
  "countryOfOrigin": "USA",
  "contentRating": "PG",
  "director": ["Chris Buck", "Jennifer Lee"],
  "actors": ["Kirsten Bell", "Jason Ritter", "Evan Rachel Wood", "Jonathan Groff"],
  "potentialAction": {
    "@type": "WatchAction",
    "target": "//trailerdefilmes.us-east-2.elasticbeanstalk.com/trailer/jumanji-the-next-level"
  },
  "copyrightYear": "2019",
  "duration": "PT103M",
  "dateCreated": "2019-11-08T02:00:00.000Z"
}