{
  "@context": "http://schema.org",
  "@type": "Movie",
  "url": "//trailerdefilmes.us-east-2.elasticbeanstalk.com/movie/the-kings-man",
  "name": "The Kings Man",
  "image": "https://m.media-amazon.com/images/M/MV5BYTQwNTgxOWUtMjRhYy00N2IyLWJlNzEtOWZkNGY2NWNjYjc2XkEyXkFqcGdeQXVyMDM2NDM2MQ@@._V1_UX182_CR0,0,182,268_AL_.jpg",
  "description": "As a collection of history's worst tyrants and criminal masterminds gather to plot a war to wipe out millions, one man must race against time to stop them.",
  "genre": "Action, Adventure, Comedy",
  "countryOfOrigin": "UK, USA",
  "director": ["Matthew Vaughn"],
  "actors": ["Gemma Arterton", "Matthew Goode", "Harris Dickinson", "Aaron Taylor-Johnson", "Ralph Fiennes", "Charles Dance", "Djimon Hounsou"],
  "potentialAction": {
    "@type": "WatchAction",
    "target": "//trailerdefilmes.us-east-2.elasticbeanstalk.com/trailer/the-kings-man"
  },
  "copyrightYear": "2020",
  "dateCreated": "2019-11-08T02:00:00.000Z"
}