{
  "@context": "http://schema.org",
  "type": "DataFeed",
  "dateModified": "2019-11-12T00:00:00Z",
  "dataFeedElement": [{
      "@context": "http://schema.org",
      "@type": "Movie",
      "@id": "//trailerdefilmes.us-east-2.elasticbeanstalk.com/movie/bad-boys-for-life",
      "url": "//trailerdefilmes.us-east-2.elasticbeanstalk.com/movie/bad-boys-for-life",
      "name": "Bad Boys for Life",
      "image": "https://m.media-amazon.com/images/M/MV5BZjI1ZWYyMTYtZGYyNS00ODdhLWFmNGMtODZiYzgxOGNmNjZjXkEyXkFqcGdeQXVyMTkxNjUyNQ@@._V1_UX182_CR0,0,182,268_AL_.jpg",
      "description": "Anna, Elsa, Kristoff, Olaf and Sven leave Arendelle to travel to an ancient, autumn-bound forest of an enchanted land. They set out to find the origin of Elsa's powers in order to save their kingdom.",
      "genre": "Animation, Adventure, Comedy",
      "countryOfOrigin": "USA",
      "contentRating": "PG",
      "director": ["Chris Buck", "Jennifer Lee"],
      "actors": ["Kirsten Bell", "Jason Ritter", "Evan Rachel Wood", "Jonathan Groff"],
      "potentialAction": {
        "@type": "WatchAction",
        "target": {
          "@type": "entrypoint",
          "urlTemplate": "//trailerdefilmes.us-east-2.elasticbeanstalk.com/trailer/bad-boys-for-life",
          "actionPlatform": [
            "http://schema.org/DesktopWebPlatform",
            "http://schema.org/MobileWebPlatform",
            "http://schema.googleapis.com/GoogleVideoCast"
          ]
        },
        "actionAccessibilityRequirement": {
          "@type": "ActionAccessSpecification",
          "category": "nologinrequired",
          "availabilityStarts": "2019-11-12T00:00:00Z",
          "availabilityEnds": "2030-11-12T00:00:00Z"
        }
      },
      "copyrightYear": "2019",
      "duration": "PT103M",
      "dateCreated": "2019-11-08T02:00:00.000Z"
    },
    {
      "@context": "http://schema.org",
      "@type": "Movie",
      "@id": "//trailerdefilmes.us-east-2.elasticbeanstalk.com/movie/charlies-angels",
      "url": "//trailerdefilmes.us-east-2.elasticbeanstalk.com/movie/charlies-angels",
      "name": "Charlie Angels",
      "image": "https://m.media-amazon.com/images/M/MV5BZDAzOTYxY2YtNzBmNi00YmE5LTk0NTktN2YwNTNiNGZjNWIzXkEyXkFqcGdeQXVyMTkxNjUyNQ@@._V1_UX182_CR0,0,182,268_AL_.jpg",
      "description": "When a young systems engineer blows the whistle on a dangerous technology, Charlie's Angels are called into action, putting their lives on the line to protect us all.",
      "genre": " Action, Adventure, Comedy",
      "countryOfOrigin": "USA",
      "contentRating": "PG-13",
      "director": ["Elizabeth Banks"],
      "actors": ["Kirsten Bell", "Jason Ritter", "Evan Rachel Wood", "Jonathan Groff"],
      "potentialAction": {
        "@type": "WatchAction",
        "target": {
          "@type": "entrypoint",
          "urlTemplate": "//trailerdefilmes.us-east-2.elasticbeanstalk.com/trailer/charlies-angels",
          "actionPlatform": [
            "http://schema.org/DesktopWebPlatform",
            "http://schema.org/MobileWebPlatform",
            "http://schema.googleapis.com/GoogleVideoCast"
          ]
        },
        "actionAccessibilityRequirement": {
          "@type": "ActionAccessSpecification",
          "category": "nologinrequired",
          "availabilityStarts": "2019-11-12T00:00:00Z",
          "availabilityEnds": "2030-11-12T00:00:00Z"
        }
      },
      "copyrightYear": "2019",
      "duration": "PT103M",
      "dateCreated": "2019-11-08T02:00:00.000Z"
    },
    {
      "@context": "http://schema.org",
      "@type": "Movie",
      "@id": "//trailerdefilmes.us-east-2.elasticbeanstalk.com/movie/frozen-2",
      "url": "//trailerdefilmes.us-east-2.elasticbeanstalk.com/movie/frozen-2",
      "name": "Frozen 2",
      "image": "https://m.media-amazon.com/images/M/MV5BMjA0YjYyZGMtN2U0Ni00YmY4LWJkZTItYTMyMjY3NGYyMTJkXkEyXkFqcGdeQXVyNDg4NjY5OTQ@._V1_UX182_CR0,0,182,268_AL_.jpg",
      "description": "Anna, Elsa, Kristoff, Olaf and Sven leave Arendelle to travel to an ancient, autumn-bound forest of an enchanted land. They set out to find the origin of Elsa's powers in order to save their kingdom.",
      "genre": "Animation, Adventure, Comedy",
      "countryOfOrigin": "USA",
      "contentRating": "PG",
      "director": ["Chris Buck", "Jennifer Lee"],
      "actors": ["Kirsten Bell", "Jason Ritter", "Evan Rachel Wood", "Jonathan Groff"],
      "potentialAction": {
        "@type": "WatchAction",
        "target": {
          "@type": "entrypoint",
          "urlTemplate": "//trailerdefilmes.us-east-2.elasticbeanstalk.com/trailer/frozen-2",
          "actionPlatform": [
            "http://schema.org/DesktopWebPlatform",
            "http://schema.org/MobileWebPlatform",
            "http://schema.googleapis.com/GoogleVideoCast"
          ]
        },
        "actionAccessibilityRequirement": {
          "@type": "ActionAccessSpecification",
          "category": "nologinrequired",
          "availabilityStarts": "2019-11-12T00:00:00Z",
          "availabilityEnds": "2030-11-12T00:00:00Z"
        }
      },
      "copyrightYear": "2019",
      "duration": "PT103M",
      "dateCreated": "2019-11-08T02:00:00.000Z"
    },
    {
      "@context": "http://schema.org",
      "@type": "Movie",
      "@id": "//trailerdefilmes.us-east-2.elasticbeanstalk.com/movie/jumanji-the-next-level",
      "url": "//trailerdefilmes.us-east-2.elasticbeanstalk.com/movie/jumanji-the-next-level",
      "name": "Jumanji the next level",
      "image": "https://m.media-amazon.com/images/M/MV5BOTVjMmFiMDUtOWQ4My00YzhmLWE3MzEtODM1NDFjMWEwZTRkXkEyXkFqcGdeQXVyMTkxNjUyNQ@@._V1_UX182_CR0,0,182,268_AL_.jpg",
      "description": "Anna, Elsa, Kristoff, Olaf and Sven leave Arendelle to travel to an ancient, autumn-bound forest of an enchanted land. They set out to find the origin of Elsa's powers in order to save their kingdom.",
      "genre": "Animation, Adventure, Comedy",
      "countryOfOrigin": "USA",
      "contentRating": "PG",
      "director": ["Chris Buck", "Jennifer Lee"],
      "actors": ["Kirsten Bell", "Jason Ritter", "Evan Rachel Wood", "Jonathan Groff"],
      "potentialAction": {
        "@type": "WatchAction",
        "target": {
          "@type": "entrypoint",
          "urlTemplate": "//trailerdefilmes.us-east-2.elasticbeanstalk.com/trailer/jumanji-the-next-level",
          "actionPlatform": [
            "http://schema.org/DesktopWebPlatform",
            "http://schema.org/MobileWebPlatform",
            "http://schema.googleapis.com/GoogleVideoCast"
          ]
        },
        "actionAccessibilityRequirement": {
          "@type": "ActionAccessSpecification",
          "category": "nologinrequired",
          "availabilityStarts": "2019-11-12T00:00:00Z",
          "availabilityEnds": "2030-11-12T00:00:00Z"
        }
      },
      "copyrightYear": "2019",
      "duration": "PT103M",
      "dateCreated": "2019-11-08T02:00:00.000Z"
    },
    {
      "@context": "http://schema.org",
      "@type": "Movie",
      "@id": "//trailerdefilmes.us-east-2.elasticbeanstalk.com/movie/star-wars-the-rise-of-skywalker",
      "url": "//trailerdefilmes.us-east-2.elasticbeanstalk.com/movie/star-wars-the-rise-of-skywalker",
      "name": "Star Wars: The Rise of Skywalker",
      "image": "https://m.media-amazon.com/images/M/MV5BMDljNTQ5ODItZmQwMy00M2ExLTljOTQtZTVjNGE2NTg0NGIxXkEyXkFqcGdeQXVyODkzNTgxMDg@._V1_UX182_CR0,0,182,268_AL_.jpg",
      "description": "Anna, Elsa, Kristoff, Olaf and Sven leave Arendelle to travel to an ancient, autumn-bound forest of an enchanted land. They set out to find the origin of Elsa's powers in order to save their kingdom.",
      "genre": "Animation, Adventure, Comedy",
      "countryOfOrigin": "USA",
      "contentRating": "PG",
      "director": ["Chris Buck", "Jennifer Lee"],
      "actors": ["Kirsten Bell", "Jason Ritter", "Evan Rachel Wood", "Jonathan Groff"],
      "potentialAction": {
        "@type": "WatchAction",
        "target": {
          "@type": "entrypoint",
          "urlTemplate": "//trailerdefilmes.us-east-2.elasticbeanstalk.com/trailer/star-wars-the-rise-of-skywalker",
          "actionPlatform": [
            "http://schema.org/DesktopWebPlatform",
            "http://schema.org/MobileWebPlatform",
            "http://schema.googleapis.com/GoogleVideoCast"
          ]
        },
        "actionAccessibilityRequirement": {
          "@type": "ActionAccessSpecification",
          "category": "nologinrequired",
          "availabilityStarts": "2019-11-12T00:00:00Z",
          "availabilityEnds": "2030-11-12T00:00:00Z"
        }
      },
      "copyrightYear": "2019",
      "duration": "PT103M",
      "dateCreated": "2019-11-08T02:00:00.000Z"
    },
    {
      "@context": "http://schema.org",
      "@type": "Movie",
      "@id": "//trailerdefilmes.us-east-2.elasticbeanstalk.com/movie/the-kings-man",
      "url": "//trailerdefilmes.us-east-2.elasticbeanstalk.com/movie/the-kings-man",
      "name": "The Kings Man",
      "image": "https://m.media-amazon.com/images/M/MV5BYTQwNTgxOWUtMjRhYy00N2IyLWJlNzEtOWZkNGY2NWNjYjc2XkEyXkFqcGdeQXVyMDM2NDM2MQ@@._V1_UX182_CR0,0,182,268_AL_.jpg",
      "description": "Anna, Elsa, Kristoff, Olaf and Sven leave Arendelle to travel to an ancient, autumn-bound forest of an enchanted land. They set out to find the origin of Elsa's powers in order to save their kingdom.",
      "genre": "Animation, Adventure, Comedy",
      "countryOfOrigin": "USA",
      "contentRating": "PG",
      "director": ["Chris Buck", "Jennifer Lee"],
      "actors": ["Kirsten Bell", "Jason Ritter", "Evan Rachel Wood", "Jonathan Groff"],
      "potentialAction": {
        "@type": "WatchAction",
        "target": {
          "@type": "entrypoint",
          "urlTemplate": "//trailerdefilmes.us-east-2.elasticbeanstalk.com/trailer/the-kings-man",
          "actionPlatform": [
            "http://schema.org/DesktopWebPlatform",
            "http://schema.org/MobileWebPlatform",
            "http://schema.googleapis.com/GoogleVideoCast"
          ]
        },
        "actionAccessibilityRequirement": {
          "@type": "ActionAccessSpecification",
          "category": "nologinrequired",
          "availabilityStarts": "2019-11-12T00:00:00Z",
          "availabilityEnds": "2030-11-12T00:00:00Z"
        }
      },
      "copyrightYear": "2019",
      "duration": "PT103M",
      "dateCreated": "2019-11-08T02:00:00.000Z"
    }
  ]
}